horizon,model,accuracy,balanced_accuracy,macro_f1
1,Persistence,0.8186507936507936,0.7437602163262709,0.7439063930922949
1,Random Forest,0.790079365079365,0.5755254791685858,0.5448466200056182
3,Persistence,0.7297979797979798,0.5934750157029448,0.5941538007499969
3,Random Forest,0.7272727272727273,0.49951643878718743,0.4793389375781225
6,Persistence,0.6064814814814815,0.4006045401075483,0.3980314356879338
6,Random Forest,0.6703703703703704,0.37790473098382205,0.37234214428811113
